source,STATUS_CODE,title,summary,date,link,type,ERROR,TIME
ria,200,99,0,99,99,99,,2023-05-24 01:01:06.089812
tass,200,100,99,100,100,100,,2023-05-24 01:01:06.089817
rosbalt,200,100,100,100,100,100,,2023-05-24 01:01:06.089819
ura,200,170,170,170,170,0,,2023-05-24 01:01:06.089822
mail,200,20,20,20,20,20,,2023-05-24 01:01:06.089825
regnum,200,100,100,100,100,100,,2023-05-24 01:01:06.089827
izvestia,403,,,,,,,2023-05-24 01:01:06.089830
lenta,200,200,200,200,200,200,,2023-05-24 01:01:06.089832
kp,,,,,,,"HTTPSConnectionPool(host='www.kp.ru', port=443): Read timed out. (read timeout=5)",2023-05-24 01:01:06.089835
tvrain,,,,,,,"HTTPSConnectionPool(host='tvrain.tv', port=443): Read timed out. (read timeout=5)",2023-05-24 01:01:06.089837
mediazona,,,,,,,"HTTPSConnectionPool(host='zona.media', port=443): Read timed out. (read timeout=5)",2023-05-24 01:01:06.089840
interfax,200,25,25,25,25,25,,2023-05-24 01:01:06.089842
vedomosti,200,200,200,200,200,188,,2023-05-24 01:01:06.089845
aif,200,277,277,277,277,277,,2023-05-24 01:01:06.089847
rg,200,100,100,100,100,0,,2023-05-24 01:01:06.089850
argumenti,200,30,30,30,30,30,,2023-05-24 01:01:06.089852
pravda,200,20,20,20,20,20,,2023-05-24 01:01:06.089854
svoboda,,,,,,,"HTTPSConnectionPool(host='www.svoboda.org', port=443): Read timed out. (read timeout=5)",2023-05-24 01:01:06.089857
currenttime,,,,,,,"HTTPSConnectionPool(host='www.currenttime.tv', port=443): Read timed out. (read timeout=5)",2023-05-24 01:01:06.089859
meduza,,,,,,,"HTTPSConnectionPool(host='meduza.io', port=443): Read timed out. (read timeout=5)",2023-05-24 01:01:06.089861
fontanka,200,30,30,30,30,30,,2023-05-24 01:01:06.089864
rbc,200,30,30,30,30,30,,2023-05-24 01:01:06.089866
ria,200,99,0,99,99,99,,2023-05-24 02:01:04.295601
tass,200,100,99,100,100,100,,2023-05-24 02:01:04.295605
rosbalt,200,100,100,100,100,100,,2023-05-24 02:01:04.295608
ura,200,170,170,170,170,0,,2023-05-24 02:01:04.295611
mail,200,20,20,20,20,20,,2023-05-24 02:01:04.295613
regnum,200,100,100,100,100,100,,2023-05-24 02:01:04.295615
izvestia,403,,,,,,,2023-05-24 02:01:04.295618
lenta,200,200,200,200,200,200,,2023-05-24 02:01:04.295620
kp,200,200,200,200,200,200,,2023-05-24 02:01:04.295623
tvrain,,,,,,,"HTTPSConnectionPool(host='tvrain.tv', port=443): Read timed out. (read timeout=5)",2023-05-24 02:01:04.295625
mediazona,,,,,,,"HTTPSConnectionPool(host='zona.media', port=443): Read timed out. (read timeout=5)",2023-05-24 02:01:04.295628
interfax,200,25,25,25,25,25,,2023-05-24 02:01:04.295630
vedomosti,200,200,200,200,200,190,,2023-05-24 02:01:04.295633
aif,200,278,278,278,278,278,,2023-05-24 02:01:04.295635
rg,200,100,100,100,100,0,,2023-05-24 02:01:04.295637
argumenti,200,30,30,30,30,30,,2023-05-24 02:01:04.295640
pravda,200,20,20,20,20,20,,2023-05-24 02:01:04.295642
svoboda,,,,,,,"HTTPSConnectionPool(host='www.svoboda.org', port=443): Read timed out. (read timeout=5)",2023-05-24 02:01:04.295645
currenttime,,,,,,,"HTTPSConnectionPool(host='www.currenttime.tv', port=443): Read timed out. (read timeout=5)",2023-05-24 02:01:04.295647
meduza,,,,,,,"HTTPSConnectionPool(host='meduza.io', port=443): Read timed out. (read timeout=5)",2023-05-24 02:01:04.295650
fontanka,200,30,30,30,30,30,,2023-05-24 02:01:04.295652
rbc,200,30,30,30,30,30,,2023-05-24 02:01:04.295654
ria,200,99,0,99,99,99,,2023-05-24 04:01:04.297626
tass,200,100,98,100,100,100,,2023-05-24 04:01:04.297631
rosbalt,200,100,100,100,100,100,,2023-05-24 04:01:04.297635
ura,200,170,170,170,170,0,,2023-05-24 04:01:04.297637
mail,200,20,20,20,20,20,,2023-05-24 04:01:04.297640
regnum,200,100,100,100,100,100,,2023-05-24 04:01:04.297643
izvestia,403,,,,,,,2023-05-24 04:01:04.297646
lenta,200,200,200,200,200,200,,2023-05-24 04:01:04.297649
kp,200,200,200,200,200,200,,2023-05-24 04:01:04.297652
tvrain,,,,,,,"HTTPSConnectionPool(host='tvrain.tv', port=443): Read timed out. (read timeout=5)",2023-05-24 04:01:04.297655
mediazona,,,,,,,"HTTPSConnectionPool(host='zona.media', port=443): Read timed out. (read timeout=5)",2023-05-24 04:01:04.297657
interfax,200,25,25,25,25,25,,2023-05-24 04:01:04.297660
vedomosti,200,200,200,200,200,189,,2023-05-24 04:01:04.297663
aif,200,277,277,277,277,277,,2023-05-24 04:01:04.297665
rg,200,100,100,100,100,0,,2023-05-24 04:01:04.297668
argumenti,200,30,30,30,30,30,,2023-05-24 04:01:04.297671
pravda,200,20,20,20,20,20,,2023-05-24 04:01:04.297673
svoboda,,,,,,,"HTTPSConnectionPool(host='www.svoboda.org', port=443): Read timed out. (read timeout=5)",2023-05-24 04:01:04.297676
currenttime,,,,,,,"HTTPSConnectionPool(host='www.currenttime.tv', port=443): Read timed out. (read timeout=5)",2023-05-24 04:01:04.297679
meduza,,,,,,,"HTTPSConnectionPool(host='meduza.io', port=443): Read timed out. (read timeout=5)",2023-05-24 04:01:04.297682
fontanka,200,30,30,30,30,30,,2023-05-24 04:01:04.297684
rbc,200,30,30,30,30,30,,2023-05-24 04:01:04.297687
ria,200,99,0,99,99,99,,2023-05-24 06:01:05.355788
tass,200,99,98,99,99,99,,2023-05-24 06:01:05.355794
rosbalt,200,100,100,100,100,100,,2023-05-24 06:01:05.355797
ura,200,170,170,170,170,0,,2023-05-24 06:01:05.355800
mail,200,20,20,20,20,20,,2023-05-24 06:01:05.355803
regnum,200,100,100,100,100,100,,2023-05-24 06:01:05.355805
izvestia,403,,,,,,,2023-05-24 06:01:05.355808
lenta,200,200,200,200,200,200,,2023-05-24 06:01:05.355811
kp,,,,,,,"HTTPSConnectionPool(host='www.kp.ru', port=443): Read timed out. (read timeout=5)",2023-05-24 06:01:05.355814
tvrain,,,,,,,"HTTPSConnectionPool(host='tvrain.tv', port=443): Read timed out. (read timeout=5)",2023-05-24 06:01:05.355816
mediazona,,,,,,,"HTTPSConnectionPool(host='zona.media', port=443): Read timed out. (read timeout=5)",2023-05-24 06:01:05.355819
interfax,200,25,25,25,25,25,,2023-05-24 06:01:05.355822
vedomosti,200,200,200,200,200,189,,2023-05-24 06:01:05.355824
aif,200,277,277,277,277,277,,2023-05-24 06:01:05.355827
rg,200,100,100,100,100,0,,2023-05-24 06:01:05.355829
argumenti,200,30,30,30,30,30,,2023-05-24 06:01:05.355832
pravda,200,20,20,20,20,20,,2023-05-24 06:01:05.355835
svoboda,,,,,,,"HTTPSConnectionPool(host='www.svoboda.org', port=443): Read timed out. (read timeout=5)",2023-05-24 06:01:05.355838
currenttime,,,,,,,"HTTPSConnectionPool(host='www.currenttime.tv', port=443): Read timed out. (read timeout=5)",2023-05-24 06:01:05.355840
meduza,,,,,,,"HTTPSConnectionPool(host='meduza.io', port=443): Read timed out. (read timeout=5)",2023-05-24 06:01:05.355843
fontanka,200,30,30,30,30,30,,2023-05-24 06:01:05.355845
rbc,200,30,30,30,30,30,,2023-05-24 06:01:05.355848
ria,200,99,0,99,99,99,,2023-05-24 08:01:08.302012
tass,200,99,98,99,99,99,,2023-05-24 08:01:08.302017
rosbalt,200,100,100,100,100,100,,2023-05-24 08:01:08.302020
ura,200,170,170,170,170,0,,2023-05-24 08:01:08.302023
mail,200,20,20,20,20,20,,2023-05-24 08:01:08.302026
regnum,200,100,100,100,100,100,,2023-05-24 08:01:08.302028
izvestia,403,,,,,,,2023-05-24 08:01:08.302031
lenta,200,200,200,200,200,200,,2023-05-24 08:01:08.302034
kp,200,200,200,200,200,200,,2023-05-24 08:01:08.302037
tvrain,,,,,,,"HTTPSConnectionPool(host='tvrain.tv', port=443): Read timed out. (read timeout=5)",2023-05-24 08:01:08.302040
mediazona,,,,,,,"HTTPSConnectionPool(host='zona.media', port=443): Read timed out. (read timeout=5)",2023-05-24 08:01:08.302042
interfax,200,25,25,25,25,25,,2023-05-24 08:01:08.302045
vedomosti,200,200,200,200,200,189,,2023-05-24 08:01:08.302048
aif,200,277,277,277,277,277,,2023-05-24 08:01:08.302050
rg,200,100,100,100,100,0,,2023-05-24 08:01:08.302053
argumenti,200,30,30,30,30,30,,2023-05-24 08:01:08.302056
pravda,200,20,20,20,20,20,,2023-05-24 08:01:08.302058
svoboda,,,,,,,"HTTPSConnectionPool(host='www.svoboda.org', port=443): Read timed out. (read timeout=5)",2023-05-24 08:01:08.302061
currenttime,,,,,,,"HTTPSConnectionPool(host='www.currenttime.tv', port=443): Read timed out. (read timeout=5)",2023-05-24 08:01:08.302064
meduza,,,,,,,"HTTPSConnectionPool(host='meduza.io', port=443): Read timed out. (read timeout=5)",2023-05-24 08:01:08.302066
fontanka,200,30,30,30,30,30,,2023-05-24 08:01:08.302069
rbc,200,30,30,30,30,30,,2023-05-24 08:01:08.302072
ria,200,100,0,100,100,100,,2023-05-24 10:01:00.399478
tass,200,96,90,96,96,96,,2023-05-24 10:01:00.399480
rosbalt,200,100,100,100,100,100,,2023-05-24 10:01:00.399481
ura,200,170,170,170,170,0,,2023-05-24 10:01:00.399483
mail,200,20,20,20,20,20,,2023-05-24 10:01:00.399484
regnum,,,,,,,"HTTPSConnectionPool(host='regnum.ru', port=443): Max retries exceeded with url: /rss (Caused by SSLError(SSLError(""bad handshake: SysCallError(104, 'ECONNRESET')"")))",2023-05-24 10:01:00.399485
izvestia,403,,,,,,,2023-05-24 10:01:00.399486
lenta,200,200,200,200,200,200,,2023-05-24 10:01:00.399487
kp,,,,,,,"HTTPSConnectionPool(host='www.kp.ru', port=443): Max retries exceeded with url: /rss/allsections.xml (Caused by SSLError(SSLError(""bad handshake: SysCallError(104, 'ECONNRESET')"")))",2023-05-24 10:01:00.399488
tvrain,,,,,,,"HTTPSConnectionPool(host='tvrain.tv', port=443): Read timed out. (read timeout=5)",2023-05-24 10:01:00.399490
mediazona,,,,,,,"HTTPSConnectionPool(host='zona.media', port=443): Read timed out. (read timeout=5)",2023-05-24 10:01:00.399491
interfax,200,25,25,25,25,25,,2023-05-24 10:01:00.399492
vedomosti,200,200,200,200,200,189,,2023-05-24 10:01:00.399493
aif,200,276,275,276,276,276,,2023-05-24 10:01:00.399494
rg,200,100,100,100,100,0,,2023-05-24 10:01:00.399496
argumenti,200,30,30,30,30,30,,2023-05-24 10:01:00.399497
pravda,200,20,20,20,20,20,,2023-05-24 10:01:00.399498
svoboda,,,,,,,"HTTPSConnectionPool(host='www.svoboda.org', port=443): Read timed out. (read timeout=5)",2023-05-24 10:01:00.399499
currenttime,,,,,,,"HTTPSConnectionPool(host='www.currenttime.tv', port=443): Read timed out. (read timeout=5)",2023-05-24 10:01:00.399501
meduza,,,,,,,"HTTPSConnectionPool(host='meduza.io', port=443): Read timed out. (read timeout=5)",2023-05-24 10:01:00.399502
fontanka,200,30,30,30,30,30,,2023-05-24 10:01:00.399503
rbc,200,30,30,30,30,30,,2023-05-24 10:01:00.399504
ria,200,100,0,100,100,100,,2023-05-24 12:01:11.840505
tass,200,98,90,98,98,98,,2023-05-24 12:01:11.840507
rosbalt,200,100,100,100,100,100,,2023-05-24 12:01:11.840509
ura,200,170,170,170,170,0,,2023-05-24 12:01:11.840510
mail,200,20,20,20,20,20,,2023-05-24 12:01:11.840512
regnum,200,100,100,100,100,100,,2023-05-24 12:01:11.840513
izvestia,403,,,,,,,2023-05-24 12:01:11.840515
lenta,200,200,200,200,200,200,,2023-05-24 12:01:11.840516
kp,200,200,200,200,200,200,,2023-05-24 12:01:11.840517
tvrain,,,,,,,"HTTPSConnectionPool(host='tvrain.tv', port=443): Read timed out. (read timeout=5)",2023-05-24 12:01:11.840519
mediazona,,,,,,,"HTTPSConnectionPool(host='zona.media', port=443): Read timed out. (read timeout=5)",2023-05-24 12:01:11.840520
interfax,200,25,25,25,25,25,,2023-05-24 12:01:11.840521
vedomosti,200,200,200,200,200,189,,2023-05-24 12:01:11.840523
aif,200,278,276,278,278,278,,2023-05-24 12:01:11.840524
rg,200,100,100,100,100,0,,2023-05-24 12:01:11.840525
argumenti,200,30,30,30,30,30,,2023-05-24 12:01:11.840527
pravda,200,20,20,20,20,20,,2023-05-24 12:01:11.840528
svoboda,,,,,,,"HTTPSConnectionPool(host='www.svoboda.org', port=443): Read timed out. (read timeout=5)",2023-05-24 12:01:11.840530
currenttime,,,,,,,"HTTPSConnectionPool(host='www.currenttime.tv', port=443): Read timed out. (read timeout=5)",2023-05-24 12:01:11.840531
meduza,,,,,,,"HTTPSConnectionPool(host='meduza.io', port=443): Read timed out. (read timeout=5)",2023-05-24 12:01:11.840532
fontanka,200,30,30,30,30,30,,2023-05-24 12:01:11.840534
rbc,200,30,30,30,30,30,,2023-05-24 12:01:11.840535
ria,200,100,0,100,100,100,,2023-05-24 14:34:15.963067
tass,200,100,86,100,100,100,,2023-05-24 14:34:15.963073
rosbalt,200,100,100,100,100,100,,2023-05-24 14:34:15.963076
ura,200,170,170,170,170,0,,2023-05-24 14:34:15.963079
mail,200,20,20,20,20,20,,2023-05-24 14:34:15.963081
regnum,200,100,100,100,100,100,,2023-05-24 14:34:15.963084
izvestia,403,,,,,,,2023-05-24 14:34:15.963087
lenta,200,200,200,200,200,200,,2023-05-24 14:34:15.963090
kp,200,200,200,200,200,200,,2023-05-24 14:34:15.963092
tvrain,,,,,,,"HTTPSConnectionPool(host='tvrain.tv', port=443): Read timed out. (read timeout=5)",2023-05-24 14:34:15.963095
mediazona,,,,,,,"HTTPSConnectionPool(host='zona.media', port=443): Read timed out. (read timeout=5)",2023-05-24 14:34:15.963098
interfax,200,25,25,25,25,25,,2023-05-24 14:34:15.963101
vedomosti,200,200,200,200,200,188,,2023-05-24 14:34:15.963103
aif,200,281,281,281,281,281,,2023-05-24 14:34:15.963106
rg,200,100,100,100,100,0,,2023-05-24 14:34:15.963109
argumenti,200,30,30,30,30,30,,2023-05-24 14:34:15.963111
pravda,200,20,20,20,20,20,,2023-05-24 14:34:15.963114
svoboda,,,,,,,"HTTPSConnectionPool(host='www.svoboda.org', port=443): Read timed out. (read timeout=5)",2023-05-24 14:34:15.963117
currenttime,,,,,,,"HTTPSConnectionPool(host='www.currenttime.tv', port=443): Read timed out. (read timeout=5)",2023-05-24 14:34:15.963119
meduza,,,,,,,"HTTPSConnectionPool(host='meduza.io', port=443): Read timed out. (read timeout=5)",2023-05-24 14:34:15.963122
fontanka,200,30,30,30,30,30,,2023-05-24 14:34:15.963125
rbc,200,30,30,30,30,30,,2023-05-24 14:34:15.963127
ria,200,100,0,100,100,100,,2023-05-24 16:01:12.651739
tass,200,99,93,99,99,99,,2023-05-24 16:01:12.651741
rosbalt,200,100,100,100,100,100,,2023-05-24 16:01:12.651743
ura,200,170,170,170,170,0,,2023-05-24 16:01:12.651744
mail,200,20,20,20,20,20,,2023-05-24 16:01:12.651746
regnum,200,100,100,100,100,100,,2023-05-24 16:01:12.651747
izvestia,403,,,,,,,2023-05-24 16:01:12.651748
lenta,200,200,200,200,200,200,,2023-05-24 16:01:12.651750
kp,200,200,200,200,200,200,,2023-05-24 16:01:12.651751
tvrain,,,,,,,"HTTPSConnectionPool(host='tvrain.tv', port=443): Read timed out. (read timeout=5)",2023-05-24 16:01:12.651753
mediazona,,,,,,,"HTTPSConnectionPool(host='zona.media', port=443): Read timed out. (read timeout=5)",2023-05-24 16:01:12.651754
interfax,200,25,25,25,25,25,,2023-05-24 16:01:12.651755
vedomosti,200,200,200,200,200,188,,2023-05-24 16:01:12.651757
aif,200,282,282,282,282,282,,2023-05-24 16:01:12.651758
rg,200,100,100,100,100,0,,2023-05-24 16:01:12.651759
argumenti,200,30,30,30,30,30,,2023-05-24 16:01:12.651761
pravda,200,20,20,20,20,20,,2023-05-24 16:01:12.651762
svoboda,,,,,,,"HTTPSConnectionPool(host='www.svoboda.org', port=443): Read timed out. (read timeout=5)",2023-05-24 16:01:12.651763
currenttime,,,,,,,"HTTPSConnectionPool(host='www.currenttime.tv', port=443): Read timed out. (read timeout=5)",2023-05-24 16:01:12.651765
meduza,,,,,,,"HTTPSConnectionPool(host='meduza.io', port=443): Read timed out. (read timeout=5)",2023-05-24 16:01:12.651766
fontanka,200,30,30,30,30,30,,2023-05-24 16:01:12.651767
rbc,200,30,30,30,30,30,,2023-05-24 16:01:12.651769
ria,200,100,0,100,100,100,,2023-05-24 18:34:58.532876
tass,200,98,87,98,98,98,,2023-05-24 18:34:58.532882
rosbalt,200,100,100,100,100,100,,2023-05-24 18:34:58.532884
ura,200,170,170,170,170,0,,2023-05-24 18:34:58.532887
mail,200,20,20,20,20,20,,2023-05-24 18:34:58.532890
regnum,200,100,100,100,100,100,,2023-05-24 18:34:58.532893
izvestia,403,,,,,,,2023-05-24 18:34:58.532896
lenta,200,200,200,200,200,200,,2023-05-24 18:34:58.532899
kp,200,200,200,200,200,200,,2023-05-24 18:34:58.532901
tvrain,,,,,,,"HTTPSConnectionPool(host='tvrain.tv', port=443): Read timed out. (read timeout=5)",2023-05-24 18:34:58.532904
mediazona,,,,,,,"HTTPSConnectionPool(host='zona.media', port=443): Read timed out. (read timeout=5)",2023-05-24 18:34:58.532907
interfax,200,25,25,25,25,25,,2023-05-24 18:34:58.532909
vedomosti,200,200,200,200,200,187,,2023-05-24 18:34:58.532912
aif,200,286,286,286,286,286,,2023-05-24 18:34:58.532915
rg,200,100,100,100,100,0,,2023-05-24 18:34:58.532917
argumenti,200,30,30,30,30,30,,2023-05-24 18:34:58.532920
pravda,200,20,20,20,20,20,,2023-05-24 18:34:58.532923
svoboda,,,,,,,"HTTPSConnectionPool(host='www.svoboda.org', port=443): Read timed out. (read timeout=5)",2023-05-24 18:34:58.532926
currenttime,,,,,,,"HTTPSConnectionPool(host='www.currenttime.tv', port=443): Read timed out. (read timeout=5)",2023-05-24 18:34:58.532929
meduza,,,,,,,"HTTPSConnectionPool(host='meduza.io', port=443): Read timed out. (read timeout=5)",2023-05-24 18:34:58.532932
fontanka,200,30,30,30,30,30,,2023-05-24 18:34:58.532934
rbc,200,30,30,30,30,30,,2023-05-24 18:34:58.532937
ria,200,100,0,100,100,100,,2023-05-24 20:01:21.745541
tass,200,99,98,99,99,99,,2023-05-24 20:01:21.745546
rosbalt,200,100,100,100,100,100,,2023-05-24 20:01:21.745549
ura,200,170,170,170,170,0,,2023-05-24 20:01:21.745551
mail,200,20,20,20,20,20,,2023-05-24 20:01:21.745554
regnum,200,100,100,100,100,100,,2023-05-24 20:01:21.745557
izvestia,403,,,,,,,2023-05-24 20:01:21.745560
lenta,200,200,200,200,200,200,,2023-05-24 20:01:21.745563
kp,200,200,200,200,200,200,,2023-05-24 20:01:21.745565
tvrain,,,,,,,"HTTPSConnectionPool(host='tvrain.tv', port=443): Read timed out. (read timeout=5)",2023-05-24 20:01:21.745568
mediazona,,,,,,,"HTTPSConnectionPool(host='zona.media', port=443): Read timed out. (read timeout=5)",2023-05-24 20:01:21.745571
interfax,200,25,25,25,25,25,,2023-05-24 20:01:21.745574
vedomosti,200,200,200,200,200,187,,2023-05-24 20:01:21.745577
aif,200,288,288,288,288,288,,2023-05-24 20:01:21.745579
rg,200,100,100,100,100,0,,2023-05-24 20:01:21.745582
argumenti,200,30,30,30,30,30,,2023-05-24 20:01:21.745585
pravda,200,20,20,20,20,20,,2023-05-24 20:01:21.745587
svoboda,,,,,,,"HTTPSConnectionPool(host='www.svoboda.org', port=443): Read timed out. (read timeout=5)",2023-05-24 20:01:21.745590
currenttime,,,,,,,"HTTPSConnectionPool(host='www.currenttime.tv', port=443): Read timed out. (read timeout=5)",2023-05-24 20:01:21.745593
meduza,,,,,,,"HTTPSConnectionPool(host='meduza.io', port=443): Read timed out. (read timeout=5)",2023-05-24 20:01:21.745596
fontanka,200,30,30,30,30,30,,2023-05-24 20:01:21.745598
rbc,200,30,30,30,30,30,,2023-05-24 20:01:21.745601
thebell,,,,,,,"HTTPSConnectionPool(host='thebell.io', port=443): Read timed out. (read timeout=5)",2023-05-24 20:01:21.745603
ria,200,100,0,100,100,100,,2023-05-24 22:01:15.550923
tass,200,99,98,99,99,99,,2023-05-24 22:01:15.550927
rosbalt,200,100,100,100,100,100,,2023-05-24 22:01:15.550930
ura,200,170,170,170,170,0,,2023-05-24 22:01:15.550932
mail,200,20,20,20,20,20,,2023-05-24 22:01:15.550935
regnum,200,100,100,100,100,100,,2023-05-24 22:01:15.550938
izvestia,403,,,,,,,2023-05-24 22:01:15.550940
lenta,200,200,200,200,200,200,,2023-05-24 22:01:15.550943
kp,200,200,200,200,200,200,,2023-05-24 22:01:15.550945
tvrain,,,,,,,"HTTPSConnectionPool(host='tvrain.tv', port=443): Read timed out. (read timeout=5)",2023-05-24 22:01:15.550948
mediazona,,,,,,,"HTTPSConnectionPool(host='zona.media', port=443): Read timed out. (read timeout=5)",2023-05-24 22:01:15.550950
interfax,200,25,25,25,25,25,,2023-05-24 22:01:15.550953
vedomosti,200,200,200,200,200,187,,2023-05-24 22:01:15.550955
aif,200,289,289,289,289,289,,2023-05-24 22:01:15.550958
rg,200,100,100,100,100,0,,2023-05-24 22:01:15.550960
argumenti,200,30,30,30,30,30,,2023-05-24 22:01:15.550962
pravda,200,20,20,20,20,20,,2023-05-24 22:01:15.550965
svoboda,,,,,,,"HTTPSConnectionPool(host='www.svoboda.org', port=443): Read timed out. (read timeout=5)",2023-05-24 22:01:15.550968
currenttime,,,,,,,"HTTPSConnectionPool(host='www.currenttime.tv', port=443): Read timed out. (read timeout=5)",2023-05-24 22:01:15.550970
meduza,,,,,,,"HTTPSConnectionPool(host='meduza.io', port=443): Read timed out. (read timeout=5)",2023-05-24 22:01:15.550972
fontanka,200,30,30,30,30,30,,2023-05-24 22:01:15.550975
rbc,200,30,30,30,30,30,,2023-05-24 22:01:15.550977
thebell,,,,,,,"HTTPSConnectionPool(host='thebell.io', port=443): Read timed out. (read timeout=5)",2023-05-24 22:01:15.550979
ria,200,98,0,98,98,98,,2023-05-25 00:01:17.658332
tass,200,97,94,97,97,97,,2023-05-25 00:01:17.658337
rosbalt,200,100,100,100,100,100,,2023-05-25 00:01:17.658340
ura,200,170,170,170,170,0,,2023-05-25 00:01:17.658343
mail,200,20,20,20,20,20,,2023-05-25 00:01:17.658400
regnum,,,,,,,"HTTPSConnectionPool(host='regnum.ru', port=443): Read timed out. (read timeout=5)",2023-05-25 00:01:17.658413
izvestia,403,,,,,,,2023-05-25 00:01:17.658416
lenta,200,200,200,200,200,200,,2023-05-25 00:01:17.658419
kp,200,200,200,200,200,200,,2023-05-25 00:01:17.658422
tvrain,,,,,,,"HTTPSConnectionPool(host='tvrain.tv', port=443): Read timed out. (read timeout=5)",2023-05-25 00:01:17.658425
mediazona,,,,,,,"HTTPSConnectionPool(host='zona.media', port=443): Read timed out. (read timeout=5)",2023-05-25 00:01:17.658427
interfax,200,25,25,25,25,25,,2023-05-25 00:01:17.658430
vedomosti,200,200,200,200,200,187,,2023-05-25 00:01:17.658433
aif,200,291,291,291,291,291,,2023-05-25 00:01:17.658436
rg,200,100,100,100,100,0,,2023-05-25 00:01:17.658439
argumenti,200,30,30,30,30,30,,2023-05-25 00:01:17.658441
pravda,200,20,20,20,20,20,,2023-05-25 00:01:17.658444
svoboda,,,,,,,"HTTPSConnectionPool(host='www.svoboda.org', port=443): Read timed out. (read timeout=5)",2023-05-25 00:01:17.658447
currenttime,,,,,,,"HTTPSConnectionPool(host='www.currenttime.tv', port=443): Read timed out. (read timeout=5)",2023-05-25 00:01:17.658450
meduza,,,,,,,"HTTPSConnectionPool(host='meduza.io', port=443): Read timed out. (read timeout=5)",2023-05-25 00:01:17.658452
fontanka,200,30,30,30,30,30,,2023-05-25 00:01:17.658455
rbc,200,30,30,30,30,30,,2023-05-25 00:01:17.658458
thebell,,,,,,,"HTTPSConnectionPool(host='thebell.io', port=443): Read timed out. (read timeout=5)",2023-05-25 00:01:17.658460
ria,200,98,0,98,98,98,,2023-05-25 08:01:11.881287
tass,200,99,97,99,99,99,,2023-05-25 08:01:11.881292
rosbalt,200,100,100,100,100,100,,2023-05-25 08:01:11.881293
ura,200,170,170,170,170,0,,2023-05-25 08:01:11.881295
mail,200,20,20,20,20,20,,2023-05-25 08:01:11.881296
regnum,200,100,100,100,100,100,,2023-05-25 08:01:11.881297
izvestia,403,,,,,,,2023-05-25 08:01:11.881298
lenta,200,200,200,200,200,200,,2023-05-25 08:01:11.881299
kp,200,200,200,200,200,200,,2023-05-25 08:01:11.881300
tvrain,,,,,,,"HTTPSConnectionPool(host='tvrain.tv', port=443): Read timed out. (read timeout=5)",2023-05-25 08:01:11.881302
mediazona,,,,,,,"HTTPSConnectionPool(host='zona.media', port=443): Read timed out. (read timeout=5)",2023-05-25 08:01:11.881303
interfax,200,25,25,25,25,25,,2023-05-25 08:01:11.881304
vedomosti,200,200,200,200,200,188,,2023-05-25 08:01:11.881305
aif,200,299,299,299,299,299,,2023-05-25 08:01:11.881306
rg,200,100,100,100,100,0,,2023-05-25 08:01:11.881307
argumenti,200,30,30,30,30,30,,2023-05-25 08:01:11.881309
pravda,200,20,20,20,20,20,,2023-05-25 08:01:11.881310
svoboda,,,,,,,"HTTPSConnectionPool(host='www.svoboda.org', port=443): Read timed out. (read timeout=5)",2023-05-25 08:01:11.881311
currenttime,,,,,,,"HTTPSConnectionPool(host='www.currenttime.tv', port=443): Read timed out. (read timeout=5)",2023-05-25 08:01:11.881312
meduza,,,,,,,"HTTPSConnectionPool(host='meduza.io', port=443): Read timed out. (read timeout=5)",2023-05-25 08:01:11.881314
fontanka,200,30,30,30,30,30,,2023-05-25 08:01:11.881315
rbc,200,30,30,30,30,30,,2023-05-25 08:01:11.881316
thebell,,,,,,,"HTTPSConnectionPool(host='thebell.io', port=443): Read timed out. (read timeout=5)",2023-05-25 08:01:11.881317
ria,200,99,0,99,99,99,,2023-05-25 10:01:32.738795
tass,200,100,99,100,100,100,,2023-05-25 10:01:32.738800
rosbalt,200,100,100,100,100,100,,2023-05-25 10:01:32.738801
ura,200,170,170,170,170,0,,2023-05-25 10:01:32.738802
mail,200,20,20,20,20,20,,2023-05-25 10:01:32.738803
regnum,200,100,100,100,100,100,,2023-05-25 10:01:32.738805
izvestia,403,,,,,,,2023-05-25 10:01:32.738806
lenta,200,200,200,200,200,200,,2023-05-25 10:01:32.738807
kp,200,200,200,200,200,200,,2023-05-25 10:01:32.738808
tvrain,,,,,,,"HTTPSConnectionPool(host='tvrain.tv', port=443): Read timed out. (read timeout=5)",2023-05-25 10:01:32.738809
mediazona,,,,,,,"HTTPSConnectionPool(host='zona.media', port=443): Read timed out. (read timeout=5)",2023-05-25 10:01:32.738810
interfax,200,25,25,25,25,25,,2023-05-25 10:01:32.738811
vedomosti,200,200,200,200,200,188,,2023-05-25 10:01:32.738813
aif,200,300,299,300,300,300,,2023-05-25 10:01:32.738814
rg,200,100,100,100,100,0,,2023-05-25 10:01:32.738815
argumenti,200,30,30,30,30,30,,2023-05-25 10:01:32.738816
pravda,200,20,20,20,20,20,,2023-05-25 10:01:32.738817
svoboda,,,,,,,"HTTPSConnectionPool(host='www.svoboda.org', port=443): Read timed out. (read timeout=5)",2023-05-25 10:01:32.738818
currenttime,,,,,,,"HTTPSConnectionPool(host='www.currenttime.tv', port=443): Read timed out. (read timeout=5)",2023-05-25 10:01:32.738820
meduza,,,,,,,"HTTPSConnectionPool(host='meduza.io', port=443): Read timed out. (read timeout=5)",2023-05-25 10:01:32.738821
fontanka,200,30,30,30,30,30,,2023-05-25 10:01:32.738822
rbc,200,30,30,30,30,30,,2023-05-25 10:01:32.738823
thebell,,,,,,,"HTTPSConnectionPool(host='thebell.io', port=443): Read timed out. (read timeout=5)",2023-05-25 10:01:32.738824
ria,200,100,0,100,100,100,,2023-05-25 12:01:15.997761
tass,200,98,92,98,98,98,,2023-05-25 12:01:15.997767
rosbalt,200,100,100,100,100,100,,2023-05-25 12:01:15.997769
ura,200,170,170,170,170,0,,2023-05-25 12:01:15.997772
mail,200,20,20,20,20,20,,2023-05-25 12:01:15.997775
regnum,200,100,100,100,100,100,,2023-05-25 12:01:15.997778
izvestia,403,,,,,,,2023-05-25 12:01:15.997781
lenta,200,200,200,200,200,200,,2023-05-25 12:01:15.997784
kp,200,200,200,200,200,200,,2023-05-25 12:01:15.997787
tvrain,,,,,,,"HTTPSConnectionPool(host='tvrain.tv', port=443): Read timed out. (read timeout=5)",2023-05-25 12:01:15.997790
mediazona,,,,,,,"HTTPSConnectionPool(host='zona.media', port=443): Read timed out. (read timeout=5)",2023-05-25 12:01:15.997793
interfax,200,25,25,25,25,25,,2023-05-25 12:01:15.997795
vedomosti,200,200,200,200,200,188,,2023-05-25 12:01:15.997798
aif,200,299,299,299,299,299,,2023-05-25 12:01:15.997801
rg,200,100,100,100,100,0,,2023-05-25 12:01:15.997804
argumenti,200,30,30,30,30,30,,2023-05-25 12:01:15.997806
pravda,200,20,20,20,20,20,,2023-05-25 12:01:15.997809
svoboda,,,,,,,"HTTPSConnectionPool(host='www.svoboda.org', port=443): Read timed out. (read timeout=5)",2023-05-25 12:01:15.997812
currenttime,,,,,,,"HTTPSConnectionPool(host='www.currenttime.tv', port=443): Read timed out. (read timeout=5)",2023-05-25 12:01:15.997815
meduza,,,,,,,"HTTPSConnectionPool(host='meduza.io', port=443): Read timed out. (read timeout=5)",2023-05-25 12:01:15.997818
fontanka,200,30,30,30,30,30,,2023-05-25 12:01:15.997821
rbc,200,30,30,30,30,30,,2023-05-25 12:01:15.997823
thebell,,,,,,,"HTTPSConnectionPool(host='thebell.io', port=443): Read timed out. (read timeout=5)",2023-05-25 12:01:15.997826
ria,200,100,0,100,100,100,,2023-05-25 14:01:09.152489
tass,200,97,94,97,97,97,,2023-05-25 14:01:09.152500
rosbalt,200,100,100,100,100,100,,2023-05-25 14:01:09.152502
ura,200,170,170,170,170,0,,2023-05-25 14:01:09.152505
mail,200,20,20,20,20,20,,2023-05-25 14:01:09.152507
regnum,200,100,100,100,100,100,,2023-05-25 14:01:09.152510
izvestia,403,,,,,,,2023-05-25 14:01:09.152513
lenta,200,200,200,200,200,200,,2023-05-25 14:01:09.152515
kp,200,200,200,200,200,200,,2023-05-25 14:01:09.152517
tvrain,,,,,,,"HTTPSConnectionPool(host='tvrain.tv', port=443): Read timed out. (read timeout=5)",2023-05-25 14:01:09.152520
mediazona,,,,,,,"HTTPSConnectionPool(host='zona.media', port=443): Read timed out. (read timeout=5)",2023-05-25 14:01:09.152522
interfax,200,25,25,25,25,25,,2023-05-25 14:01:09.152524
vedomosti,200,200,200,200,200,189,,2023-05-25 14:01:09.152527
aif,200,293,293,293,293,293,,2023-05-25 14:01:09.152529
rg,200,100,100,100,100,0,,2023-05-25 14:01:09.152532
argumenti,200,30,30,30,30,30,,2023-05-25 14:01:09.152534
pravda,200,20,20,20,20,20,,2023-05-25 14:01:09.152537
svoboda,,,,,,,"HTTPSConnectionPool(host='www.svoboda.org', port=443): Read timed out. (read timeout=5)",2023-05-25 14:01:09.152540
currenttime,,,,,,,"HTTPSConnectionPool(host='www.currenttime.tv', port=443): Read timed out. (read timeout=5)",2023-05-25 14:01:09.152542
meduza,,,,,,,"HTTPSConnectionPool(host='meduza.io', port=443): Read timed out. (read timeout=5)",2023-05-25 14:01:09.152544
fontanka,200,30,30,30,30,30,,2023-05-25 14:01:09.152547
rbc,200,30,30,30,30,30,,2023-05-25 14:01:09.152549
thebell,,,,,,,"HTTPSConnectionPool(host='thebell.io', port=443): Read timed out. (read timeout=5)",2023-05-25 14:01:09.152551
ria,200,100,0,100,100,100,,2023-05-25 16:01:10.103147
tass,200,100,84,100,100,100,,2023-05-25 16:01:10.103152
rosbalt,200,100,100,100,100,100,,2023-05-25 16:01:10.103155
ura,200,170,170,170,170,0,,2023-05-25 16:01:10.103158
mail,200,20,20,20,20,20,,2023-05-25 16:01:10.103160
regnum,200,100,100,100,100,100,,2023-05-25 16:01:10.103163
izvestia,403,,,,,,,2023-05-25 16:01:10.103166
lenta,200,200,200,200,200,200,,2023-05-25 16:01:10.103169
kp,200,200,200,200,200,200,,2023-05-25 16:01:10.103171
tvrain,,,,,,,"HTTPSConnectionPool(host='tvrain.tv', port=443): Read timed out. (read timeout=5)",2023-05-25 16:01:10.103174
mediazona,,,,,,,"HTTPSConnectionPool(host='zona.media', port=443): Read timed out. (read timeout=5)",2023-05-25 16:01:10.103177
interfax,200,25,25,25,25,25,,2023-05-25 16:01:10.103179
vedomosti,200,200,200,200,200,189,,2023-05-25 16:01:10.103182
aif,403,,,,,,,2023-05-25 16:01:10.103185
rg,200,100,100,100,100,0,,2023-05-25 16:01:10.103188
argumenti,200,30,30,30,30,30,,2023-05-25 16:01:10.103190
pravda,200,20,20,20,20,20,,2023-05-25 16:01:10.103193
svoboda,,,,,,,"HTTPSConnectionPool(host='www.svoboda.org', port=443): Read timed out. (read timeout=5)",2023-05-25 16:01:10.103196
currenttime,,,,,,,"HTTPSConnectionPool(host='www.currenttime.tv', port=443): Read timed out. (read timeout=5)",2023-05-25 16:01:10.103199
meduza,,,,,,,"HTTPSConnectionPool(host='meduza.io', port=443): Read timed out. (read timeout=5)",2023-05-25 16:01:10.103201
fontanka,200,30,30,30,30,30,,2023-05-25 16:01:10.103204
rbc,200,30,30,30,30,30,,2023-05-25 16:01:10.103207
thebell,,,,,,,"HTTPSConnectionPool(host='thebell.io', port=443): Read timed out. (read timeout=5)",2023-05-25 16:01:10.103209
ria,200,100,0,100,100,100,,2023-05-25 18:01:14.813556
tass,200,95,87,95,95,95,,2023-05-25 18:01:14.813568
rosbalt,200,100,100,100,100,100,,2023-05-25 18:01:14.813571
ura,200,170,170,170,170,0,,2023-05-25 18:01:14.813574
mail,200,20,20,20,20,20,,2023-05-25 18:01:14.813577
regnum,200,100,100,100,100,100,,2023-05-25 18:01:14.813579
izvestia,403,,,,,,,2023-05-25 18:01:14.813582
lenta,200,200,200,200,200,200,,2023-05-25 18:01:14.813585
kp,200,200,200,200,200,200,,2023-05-25 18:01:14.813587
tvrain,,,,,,,"HTTPSConnectionPool(host='tvrain.tv', port=443): Read timed out. (read timeout=5)",2023-05-25 18:01:14.813590
mediazona,,,,,,,"HTTPSConnectionPool(host='zona.media', port=443): Read timed out. (read timeout=5)",2023-05-25 18:01:14.813593
interfax,200,25,25,25,25,25,,2023-05-25 18:01:14.813596
vedomosti,200,200,200,200,200,189,,2023-05-25 18:01:14.813599
aif,200,292,292,292,292,292,,2023-05-25 18:01:14.813601
rg,200,100,100,100,100,0,,2023-05-25 18:01:14.813604
argumenti,200,30,30,30,30,30,,2023-05-25 18:01:14.813607
pravda,200,20,20,20,20,20,,2023-05-25 18:01:14.813609
svoboda,,,,,,,"HTTPSConnectionPool(host='www.svoboda.org', port=443): Read timed out. (read timeout=5)",2023-05-25 18:01:14.813612
currenttime,,,,,,,"HTTPSConnectionPool(host='www.currenttime.tv', port=443): Read timed out. (read timeout=5)",2023-05-25 18:01:14.813615
meduza,,,,,,,"HTTPSConnectionPool(host='meduza.io', port=443): Read timed out. (read timeout=5)",2023-05-25 18:01:14.813618
fontanka,200,30,30,30,30,30,,2023-05-25 18:01:14.813620
rbc,200,30,30,30,30,30,,2023-05-25 18:01:14.813623
thebell,,,,,,,"HTTPSConnectionPool(host='thebell.io', port=443): Read timed out. (read timeout=5)",2023-05-25 18:01:14.813626
novyagazeta,,,,,,,"HTTPSConnectionPool(host='novayagazeta.eu', port=443): Read timed out. (read timeout=5)",2023-05-25 18:01:14.813628
ria,200,100,0,100,100,100,,2023-05-25 20:01:19.754357
tass,200,99,94,99,99,99,,2023-05-25 20:01:19.754362
rosbalt,200,100,100,100,100,100,,2023-05-25 20:01:19.754365
ura,200,170,170,170,170,0,,2023-05-25 20:01:19.754368
mail,200,20,20,20,20,20,,2023-05-25 20:01:19.754370
regnum,200,100,100,100,100,100,,2023-05-25 20:01:19.754373
izvestia,403,,,,,,,2023-05-25 20:01:19.754375
lenta,200,200,200,200,200,200,,2023-05-25 20:01:19.754377
kp,200,200,200,200,200,200,,2023-05-25 20:01:19.754380
tvrain,,,,,,,"HTTPSConnectionPool(host='tvrain.tv', port=443): Read timed out. (read timeout=5)",2023-05-25 20:01:19.754382
mediazona,,,,,,,"HTTPSConnectionPool(host='zona.media', port=443): Read timed out. (read timeout=5)",2023-05-25 20:01:19.754385
interfax,200,25,25,25,25,25,,2023-05-25 20:01:19.754387
vedomosti,200,200,200,200,200,189,,2023-05-25 20:01:19.754390
aif,403,,,,,,,2023-05-25 20:01:19.754392
rg,200,100,100,100,100,0,,2023-05-25 20:01:19.754395
argumenti,200,30,30,30,30,30,,2023-05-25 20:01:19.754397
pravda,200,20,20,20,20,20,,2023-05-25 20:01:19.754400
svoboda,,,,,,,"HTTPSConnectionPool(host='www.svoboda.org', port=443): Read timed out. (read timeout=5)",2023-05-25 20:01:19.754402
currenttime,,,,,,,"HTTPSConnectionPool(host='www.currenttime.tv', port=443): Read timed out. (read timeout=5)",2023-05-25 20:01:19.754405
meduza,,,,,,,"HTTPSConnectionPool(host='meduza.io', port=443): Read timed out. (read timeout=5)",2023-05-25 20:01:19.754407
fontanka,200,30,30,30,30,30,,2023-05-25 20:01:19.754409
rbc,200,30,30,30,30,30,,2023-05-25 20:01:19.754412
thebell,,,,,,,"HTTPSConnectionPool(host='thebell.io', port=443): Read timed out. (read timeout=5)",2023-05-25 20:01:19.754415
novyagazeta,,,,,,,"HTTPSConnectionPool(host='novayagazeta.eu', port=443): Read timed out. (read timeout=5)",2023-05-25 20:01:19.754417
ria,200,100,0,100,100,100,,2023-05-25 22:01:15.193012
tass,200,98,95,98,98,98,,2023-05-25 22:01:15.193017
rosbalt,200,100,100,100,100,100,,2023-05-25 22:01:15.193020
ura,200,170,170,170,170,0,,2023-05-25 22:01:15.193022
mail,200,20,20,20,20,20,,2023-05-25 22:01:15.193025
regnum,200,100,100,100,100,100,,2023-05-25 22:01:15.193028
izvestia,403,,,,,,,2023-05-25 22:01:15.193031
lenta,200,200,200,200,200,200,,2023-05-25 22:01:15.193033
kp,200,200,200,200,200,200,,2023-05-25 22:01:15.193036
tvrain,,,,,,,"HTTPSConnectionPool(host='tvrain.tv', port=443): Read timed out. (read timeout=5)",2023-05-25 22:01:15.193038
mediazona,,,,,,,"HTTPSConnectionPool(host='zona.media', port=443): Read timed out. (read timeout=5)",2023-05-25 22:01:15.193041
interfax,200,25,25,25,25,25,,2023-05-25 22:01:15.193044
vedomosti,200,200,200,200,200,189,,2023-05-25 22:01:15.193046
aif,403,,,,,,,2023-05-25 22:01:15.193049
rg,200,100,100,100,100,0,,2023-05-25 22:01:15.193052
argumenti,200,30,30,30,30,30,,2023-05-25 22:01:15.193054
pravda,200,20,20,20,20,20,,2023-05-25 22:01:15.193057
svoboda,,,,,,,"HTTPSConnectionPool(host='www.svoboda.org', port=443): Read timed out. (read timeout=5)",2023-05-25 22:01:15.193059
currenttime,,,,,,,"HTTPSConnectionPool(host='www.currenttime.tv', port=443): Read timed out. (read timeout=5)",2023-05-25 22:01:15.193062
meduza,,,,,,,"HTTPSConnectionPool(host='meduza.io', port=443): Read timed out. (read timeout=5)",2023-05-25 22:01:15.193064
fontanka,200,30,30,30,30,30,,2023-05-25 22:01:15.193113
rbc,200,30,30,30,30,30,,2023-05-25 22:01:15.193118
thebell,,,,,,,"HTTPSConnectionPool(host='thebell.io', port=443): Read timed out. (read timeout=5)",2023-05-25 22:01:15.193121
novyagazeta,,,,,,,"HTTPSConnectionPool(host='novayagazeta.eu', port=443): Read timed out. (read timeout=5)",2023-05-25 22:01:15.193123
aif,,,,,,,"HTTPSConnectionPool(host='aif.ru', port=443): Read timed out. (read timeout=5)",2023-05-25 22:30:23.786743
aif,200,294,294,294,294,294,,2023-05-25 22:32:24.629102
ria,200,100,0,100,100,100,,2023-05-26 00:05:11.513312
tass,200,98,97,98,98,98,,2023-05-26 00:05:11.513317
rosbalt,200,100,100,100,100,100,,2023-05-26 00:05:11.513319
ura,200,170,170,170,170,0,,2023-05-26 00:05:11.513322
mail,200,20,20,20,20,20,,2023-05-26 00:05:11.513325
regnum,,,,,,,"HTTPSConnectionPool(host='regnum.ru', port=443): Read timed out. (read timeout=20)",2023-05-26 00:05:11.513327
izvestia,403,,,,,,,2023-05-26 00:05:11.513330
lenta,200,200,200,200,200,200,,2023-05-26 00:05:11.513332
kp,200,200,200,200,200,200,,2023-05-26 00:05:11.513335
tvrain,,,,,,,"HTTPSConnectionPool(host='tvrain.tv', port=443): Read timed out. (read timeout=20)",2023-05-26 00:05:11.513337
mediazona,,,,,,,"HTTPSConnectionPool(host='zona.media', port=443): Read timed out. (read timeout=20)",2023-05-26 00:05:11.513340
interfax,200,25,25,25,25,25,,2023-05-26 00:05:11.513342
vedomosti,200,200,200,200,200,189,,2023-05-26 00:05:11.513345
aif,200,295,295,295,295,295,,2023-05-26 00:05:11.513347
rg,200,100,100,100,100,0,,2023-05-26 00:05:11.513349
argumenti,200,30,30,30,30,30,,2023-05-26 00:05:11.513352
pravda,200,20,20,20,20,20,,2023-05-26 00:05:11.513354
svoboda,,,,,,,"HTTPSConnectionPool(host='www.svoboda.org', port=443): Read timed out. (read timeout=20)",2023-05-26 00:05:11.513357
currenttime,,,,,,,"HTTPSConnectionPool(host='www.currenttime.tv', port=443): Read timed out. (read timeout=20)",2023-05-26 00:05:11.513359
meduza,,,,,,,"HTTPSConnectionPool(host='meduza.io', port=443): Read timed out. (read timeout=20)",2023-05-26 00:05:11.513361
fontanka,200,30,30,30,30,30,,2023-05-26 00:05:11.513364
rbc,200,30,30,30,30,30,,2023-05-26 00:05:11.513366
thebell,,,,,,,"HTTPSConnectionPool(host='thebell.io', port=443): Read timed out. (read timeout=20)",2023-05-26 00:05:11.513368
novyagazeta,,,,,,,"HTTPSConnectionPool(host='novayagazeta.eu', port=443): Read timed out. (read timeout=20)",2023-05-26 00:05:11.513371
ria,200,100,0,100,100,100,,2023-05-26 02:04:41.842535
tass,200,97,96,97,97,97,,2023-05-26 02:04:41.842540
rosbalt,200,100,100,100,100,100,,2023-05-26 02:04:41.842542
ura,200,170,170,170,170,0,,2023-05-26 02:04:41.842545
mail,200,20,20,20,20,20,,2023-05-26 02:04:41.842547
regnum,200,100,100,100,100,100,,2023-05-26 02:04:41.842550
izvestia,403,,,,,,,2023-05-26 02:04:41.842553
lenta,200,200,200,200,200,200,,2023-05-26 02:04:41.842555
kp,200,200,200,200,200,200,,2023-05-26 02:04:41.842557
tvrain,,,,,,,"HTTPSConnectionPool(host='tvrain.tv', port=443): Read timed out. (read timeout=20)",2023-05-26 02:04:41.842560
mediazona,,,,,,,"HTTPSConnectionPool(host='zona.media', port=443): Read timed out. (read timeout=20)",2023-05-26 02:04:41.842562
interfax,200,25,25,25,25,25,,2023-05-26 02:04:41.842565
vedomosti,200,200,200,200,200,191,,2023-05-26 02:04:41.842567
aif,200,297,297,297,297,297,,2023-05-26 02:04:41.842570
rg,200,100,100,100,100,0,,2023-05-26 02:04:41.842572
argumenti,200,30,30,30,30,30,,2023-05-26 02:04:41.842575
pravda,200,20,20,20,20,20,,2023-05-26 02:04:41.842577
svoboda,,,,,,,"HTTPSConnectionPool(host='www.svoboda.org', port=443): Read timed out. (read timeout=20)",2023-05-26 02:04:41.842580
currenttime,,,,,,,"HTTPSConnectionPool(host='www.currenttime.tv', port=443): Read timed out. (read timeout=20)",2023-05-26 02:04:41.842582
meduza,,,,,,,"HTTPSConnectionPool(host='meduza.io', port=443): Read timed out. (read timeout=20)",2023-05-26 02:04:41.842584
fontanka,200,30,30,30,30,30,,2023-05-26 02:04:41.842587
rbc,200,30,30,30,30,30,,2023-05-26 02:04:41.842589
thebell,,,,,,,"HTTPSConnectionPool(host='thebell.io', port=443): Read timed out. (read timeout=20)",2023-05-26 02:04:41.842592
novyagazeta,,,,,,,"HTTPSConnectionPool(host='novayagazeta.eu', port=443): Read timed out. (read timeout=20)",2023-05-26 02:04:41.842594
ria,200,100,0,100,100,100,,2023-05-26 04:04:39.631253
tass,200,97,95,97,97,97,,2023-05-26 04:04:39.631255
rosbalt,200,100,100,100,100,100,,2023-05-26 04:04:39.631256
ura,200,170,170,170,170,0,,2023-05-26 04:04:39.631258
mail,200,20,20,20,20,20,,2023-05-26 04:04:39.631259
regnum,200,100,100,100,100,100,,2023-05-26 04:04:39.631260
izvestia,403,,,,,,,2023-05-26 04:04:39.631261
lenta,200,200,200,200,200,200,,2023-05-26 04:04:39.631262
kp,200,200,200,200,200,200,,2023-05-26 04:04:39.631263
tvrain,,,,,,,"HTTPSConnectionPool(host='tvrain.tv', port=443): Read timed out. (read timeout=20)",2023-05-26 04:04:39.631265
mediazona,,,,,,,"HTTPSConnectionPool(host='zona.media', port=443): Read timed out. (read timeout=20)",2023-05-26 04:04:39.631266
interfax,200,25,25,25,25,25,,2023-05-26 04:04:39.631267
vedomosti,200,200,200,200,200,190,,2023-05-26 04:04:39.631268
aif,200,299,299,299,299,299,,2023-05-26 04:04:39.631269
rg,200,100,100,100,100,0,,2023-05-26 04:04:39.631271
argumenti,200,30,30,30,30,30,,2023-05-26 04:04:39.631272
pravda,200,20,20,20,20,20,,2023-05-26 04:04:39.631273
svoboda,,,,,,,"HTTPSConnectionPool(host='www.svoboda.org', port=443): Read timed out. (read timeout=20)",2023-05-26 04:04:39.631274
currenttime,,,,,,,"HTTPSConnectionPool(host='www.currenttime.tv', port=443): Read timed out. (read timeout=20)",2023-05-26 04:04:39.631275
meduza,,,,,,,"HTTPSConnectionPool(host='meduza.io', port=443): Read timed out. (read timeout=20)",2023-05-26 04:04:39.631276
fontanka,200,30,30,30,30,30,,2023-05-26 04:04:39.631277
rbc,200,30,30,30,30,30,,2023-05-26 04:04:39.631279
thebell,,,,,,,"HTTPSConnectionPool(host='thebell.io', port=443): Read timed out. (read timeout=20)",2023-05-26 04:04:39.631280
novyagazeta,,,,,,,"HTTPSConnectionPool(host='novayagazeta.eu', port=443): Read timed out. (read timeout=20)",2023-05-26 04:04:39.631281
ria,200,100,0,100,100,100,,2023-05-26 06:04:38.673956
tass,200,98,97,98,98,98,,2023-05-26 06:04:38.673959
rosbalt,200,100,100,100,100,100,,2023-05-26 06:04:38.673960
ura,200,170,170,170,170,0,,2023-05-26 06:04:38.673961
mail,200,20,20,20,20,20,,2023-05-26 06:04:38.673963
regnum,200,100,100,100,100,100,,2023-05-26 06:04:38.673964
izvestia,403,,,,,,,2023-05-26 06:04:38.673965
lenta,200,200,200,200,200,200,,2023-05-26 06:04:38.673966
kp,200,200,200,200,200,200,,2023-05-26 06:04:38.673968
tvrain,,,,,,,"HTTPSConnectionPool(host='tvrain.tv', port=443): Read timed out. (read timeout=20)",2023-05-26 06:04:38.673969
mediazona,,,,,,,"HTTPSConnectionPool(host='zona.media', port=443): Read timed out. (read timeout=20)",2023-05-26 06:04:38.673970
interfax,200,25,25,25,25,25,,2023-05-26 06:04:38.673971
vedomosti,200,200,200,200,200,190,,2023-05-26 06:04:38.673972
aif,200,300,300,300,300,300,,2023-05-26 06:04:38.673973
rg,200,100,100,100,100,0,,2023-05-26 06:04:38.673975
argumenti,200,30,30,30,30,30,,2023-05-26 06:04:38.673976
pravda,200,20,20,20,20,20,,2023-05-26 06:04:38.673977
svoboda,,,,,,,"HTTPSConnectionPool(host='www.svoboda.org', port=443): Read timed out. (read timeout=20)",2023-05-26 06:04:38.673978
currenttime,,,,,,,"HTTPSConnectionPool(host='www.currenttime.tv', port=443): Read timed out. (read timeout=20)",2023-05-26 06:04:38.673980
meduza,,,,,,,"HTTPSConnectionPool(host='meduza.io', port=443): Read timed out. (read timeout=20)",2023-05-26 06:04:38.673981
fontanka,200,30,30,30,30,30,,2023-05-26 06:04:38.673982
rbc,200,30,30,30,30,30,,2023-05-26 06:04:38.673983
thebell,,,,,,,"HTTPSConnectionPool(host='thebell.io', port=443): Read timed out. (read timeout=20)",2023-05-26 06:04:38.673984
novyagazeta,,,,,,,"HTTPSConnectionPool(host='novayagazeta.eu', port=443): Read timed out. (read timeout=20)",2023-05-26 06:04:38.673986
ria,200,100,0,100,100,100,,2023-05-26 08:04:56.979804
tass,200,98,97,98,98,98,,2023-05-26 08:04:56.979808
rosbalt,200,100,100,100,100,100,,2023-05-26 08:04:56.979811
ura,200,170,170,170,170,0,,2023-05-26 08:04:56.979813
mail,200,20,20,20,20,20,,2023-05-26 08:04:56.979816
regnum,200,100,100,100,100,100,,2023-05-26 08:04:56.979819
izvestia,403,,,,,,,2023-05-26 08:04:56.979821
lenta,200,200,200,200,200,200,,2023-05-26 08:04:56.979823
kp,200,200,200,200,200,200,,2023-05-26 08:04:56.979826
tvrain,,,,,,,"HTTPSConnectionPool(host='tvrain.tv', port=443): Read timed out. (read timeout=20)",2023-05-26 08:04:56.979828
mediazona,,,,,,,"HTTPSConnectionPool(host='zona.media', port=443): Read timed out. (read timeout=20)",2023-05-26 08:04:56.979831
interfax,200,25,25,25,25,25,,2023-05-26 08:04:56.979833
vedomosti,200,200,200,200,200,190,,2023-05-26 08:04:56.979835
aif,200,299,299,299,299,299,,2023-05-26 08:04:56.979838
rg,200,100,100,100,100,0,,2023-05-26 08:04:56.979840
argumenti,200,30,30,30,30,30,,2023-05-26 08:04:56.979842
pravda,200,20,20,20,20,20,,2023-05-26 08:04:56.979845
svoboda,,,,,,,"HTTPSConnectionPool(host='www.svoboda.org', port=443): Read timed out. (read timeout=20)",2023-05-26 08:04:56.979847
currenttime,,,,,,,"HTTPSConnectionPool(host='www.currenttime.tv', port=443): Read timed out. (read timeout=20)",2023-05-26 08:04:56.979850
meduza,,,,,,,"HTTPSConnectionPool(host='meduza.io', port=443): Read timed out. (read timeout=20)",2023-05-26 08:04:56.979852
fontanka,200,30,30,30,30,30,,2023-05-26 08:04:56.979855
rbc,200,30,30,30,30,30,,2023-05-26 08:04:56.979857
thebell,,,,,,,"HTTPSConnectionPool(host='thebell.io', port=443): Read timed out. (read timeout=20)",2023-05-26 08:04:56.979859
novyagazeta,,,,,,,"HTTPSConnectionPool(host='novayagazeta.eu', port=443): Read timed out. (read timeout=20)",2023-05-26 08:04:56.979861
ria,200,100,0,100,100,100,,2023-05-26 10:04:38.796538
tass,200,100,98,100,100,100,,2023-05-26 10:04:38.796544
rosbalt,200,100,100,100,100,100,,2023-05-26 10:04:38.796546
ura,200,170,170,170,170,0,,2023-05-26 10:04:38.796549
mail,200,20,20,20,20,20,,2023-05-26 10:04:38.796551
regnum,200,100,100,100,100,100,,2023-05-26 10:04:38.796554
izvestia,403,,,,,,,2023-05-26 10:04:38.796557
lenta,200,200,200,200,200,200,,2023-05-26 10:04:38.796559
kp,200,200,200,200,200,200,,2023-05-26 10:04:38.796561
tvrain,,,,,,,"HTTPSConnectionPool(host='tvrain.tv', port=443): Read timed out. (read timeout=20)",2023-05-26 10:04:38.796564
mediazona,,,,,,,"HTTPSConnectionPool(host='zona.media', port=443): Read timed out. (read timeout=20)",2023-05-26 10:04:38.796566
interfax,200,25,25,25,25,25,,2023-05-26 10:04:38.796569
vedomosti,200,200,200,200,200,190,,2023-05-26 10:04:38.796571
aif,200,303,301,303,303,303,,2023-05-26 10:04:38.796574
rg,200,100,100,100,100,0,,2023-05-26 10:04:38.796576
argumenti,200,30,30,30,30,30,,2023-05-26 10:04:38.796578
pravda,200,20,20,20,20,20,,2023-05-26 10:04:38.796581
svoboda,,,,,,,"HTTPSConnectionPool(host='www.svoboda.org', port=443): Read timed out. (read timeout=20)",2023-05-26 10:04:38.796583
currenttime,,,,,,,"HTTPSConnectionPool(host='www.currenttime.tv', port=443): Read timed out. (read timeout=20)",2023-05-26 10:04:38.796586
meduza,,,,,,,"HTTPSConnectionPool(host='meduza.io', port=443): Read timed out. (read timeout=20)",2023-05-26 10:04:38.796588
fontanka,200,30,30,30,30,30,,2023-05-26 10:04:38.796590
rbc,200,30,30,30,30,30,,2023-05-26 10:04:38.796593
thebell,,,,,,,"HTTPSConnectionPool(host='thebell.io', port=443): Read timed out. (read timeout=20)",2023-05-26 10:04:38.796595
novyagazeta,,,,,,,"HTTPSConnectionPool(host='novayagazeta.eu', port=443): Read timed out. (read timeout=20)",2023-05-26 10:04:38.796597
ria,200,100,0,100,100,100,,2023-05-26 12:04:40.985475
tass,200,99,92,99,99,99,,2023-05-26 12:04:40.985488
rosbalt,200,100,100,100,100,100,,2023-05-26 12:04:40.985491
ura,200,170,170,170,170,0,,2023-05-26 12:04:40.985494
mail,200,20,20,20,20,20,,2023-05-26 12:04:40.985497
regnum,200,100,100,100,100,99,,2023-05-26 12:04:40.985500
izvestia,403,,,,,,,2023-05-26 12:04:40.985503
lenta,200,200,200,200,200,200,,2023-05-26 12:04:40.985505
kp,200,200,200,200,200,200,,2023-05-26 12:04:40.985508
tvrain,,,,,,,"HTTPSConnectionPool(host='tvrain.tv', port=443): Read timed out. (read timeout=20)",2023-05-26 12:04:40.985511
mediazona,,,,,,,"HTTPSConnectionPool(host='zona.media', port=443): Read timed out. (read timeout=20)",2023-05-26 12:04:40.985513
interfax,200,25,25,25,25,25,,2023-05-26 12:04:40.985516
vedomosti,200,200,200,200,200,190,,2023-05-26 12:04:40.985519
aif,200,302,301,302,302,302,,2023-05-26 12:04:40.985521
rg,200,100,100,100,100,0,,2023-05-26 12:04:40.985524
argumenti,200,30,30,30,30,30,,2023-05-26 12:04:40.985526
pravda,200,20,20,20,20,20,,2023-05-26 12:04:40.985529
svoboda,,,,,,,"HTTPSConnectionPool(host='www.svoboda.org', port=443): Read timed out. (read timeout=20)",2023-05-26 12:04:40.985532
currenttime,,,,,,,"HTTPSConnectionPool(host='www.currenttime.tv', port=443): Read timed out. (read timeout=20)",2023-05-26 12:04:40.985535
meduza,,,,,,,"HTTPSConnectionPool(host='meduza.io', port=443): Read timed out. (read timeout=20)",2023-05-26 12:04:40.985538
fontanka,200,30,30,30,30,30,,2023-05-26 12:04:40.985540
rbc,200,30,30,30,30,30,,2023-05-26 12:04:40.985543
thebell,,,,,,,"HTTPSConnectionPool(host='thebell.io', port=443): Read timed out. (read timeout=20)",2023-05-26 12:04:40.985546
novyagazeta,,,,,,,"HTTPSConnectionPool(host='novayagazeta.eu', port=443): Read timed out. (read timeout=20)",2023-05-26 12:04:40.985548
ria,200,100,0,100,100,100,,2023-05-26 14:05:05.600813
tass,200,98,96,98,98,98,,2023-05-26 14:05:05.600818
rosbalt,200,100,100,100,100,100,,2023-05-26 14:05:05.600821
ura,200,170,170,170,170,0,,2023-05-26 14:05:05.600823
mail,200,20,20,20,20,20,,2023-05-26 14:05:05.600826
regnum,200,100,100,100,100,99,,2023-05-26 14:05:05.600828
izvestia,403,,,,,,,2023-05-26 14:05:05.600831
lenta,200,200,200,200,200,200,,2023-05-26 14:05:05.600833
kp,200,200,200,200,200,200,,2023-05-26 14:05:05.600836
tvrain,,,,,,,"HTTPSConnectionPool(host='tvrain.tv', port=443): Read timed out. (read timeout=20)",2023-05-26 14:05:05.600838
mediazona,,,,,,,"HTTPSConnectionPool(host='zona.media', port=443): Read timed out. (read timeout=20)",2023-05-26 14:05:05.600841
interfax,200,25,25,25,25,25,,2023-05-26 14:05:05.600843
vedomosti,200,200,200,200,200,190,,2023-05-26 14:05:05.600845
aif,200,302,300,302,302,302,,2023-05-26 14:05:05.600848
rg,200,100,100,100,100,0,,2023-05-26 14:05:05.600850
argumenti,200,30,30,30,30,30,,2023-05-26 14:05:05.600852
pravda,200,20,20,20,20,20,,2023-05-26 14:05:05.600855
svoboda,,,,,,,"HTTPSConnectionPool(host='www.svoboda.org', port=443): Read timed out. (read timeout=20)",2023-05-26 14:05:05.600857
currenttime,,,,,,,"HTTPSConnectionPool(host='www.currenttime.tv', port=443): Read timed out. (read timeout=20)",2023-05-26 14:05:05.600860
meduza,,,,,,,"HTTPSConnectionPool(host='meduza.io', port=443): Read timed out. (read timeout=20)",2023-05-26 14:05:05.600862
fontanka,200,30,30,30,30,30,,2023-05-26 14:05:05.600865
rbc,200,30,30,30,30,30,,2023-05-26 14:05:05.600867
thebell,,,,,,,"HTTPSConnectionPool(host='thebell.io', port=443): Read timed out. (read timeout=20)",2023-05-26 14:05:05.600869
novyagazeta,,,,,,,"HTTPSConnectionPool(host='novayagazeta.eu', port=443): Read timed out. (read timeout=20)",2023-05-26 14:05:05.600872
ria,200,99,0,99,99,99,,2023-05-26 16:04:37.622503
tass,200,99,81,99,99,99,,2023-05-26 16:04:37.622508
rosbalt,200,100,100,100,100,100,,2023-05-26 16:04:37.622510
ura,200,170,170,170,170,0,,2023-05-26 16:04:37.622513
mail,200,20,20,20,20,20,,2023-05-26 16:04:37.622515
regnum,200,100,100,100,100,98,,2023-05-26 16:04:37.622518
izvestia,403,,,,,,,2023-05-26 16:04:37.622520
lenta,200,200,200,200,200,200,,2023-05-26 16:04:37.622523
kp,200,200,200,200,200,200,,2023-05-26 16:04:37.622525
tvrain,,,,,,,"HTTPSConnectionPool(host='tvrain.tv', port=443): Read timed out. (read timeout=20)",2023-05-26 16:04:37.622528
mediazona,,,,,,,"HTTPSConnectionPool(host='zona.media', port=443): Read timed out. (read timeout=20)",2023-05-26 16:04:37.622530
interfax,200,25,25,25,25,25,,2023-05-26 16:04:37.622533
vedomosti,200,200,200,200,200,190,,2023-05-26 16:04:37.622535
aif,200,302,302,302,302,302,,2023-05-26 16:04:37.622537
rg,200,100,100,100,100,0,,2023-05-26 16:04:37.622539
argumenti,200,30,30,30,30,30,,2023-05-26 16:04:37.622542
pravda,200,20,20,20,20,20,,2023-05-26 16:04:37.622544
svoboda,,,,,,,"HTTPSConnectionPool(host='www.svoboda.org', port=443): Read timed out. (read timeout=20)",2023-05-26 16:04:37.622547
currenttime,,,,,,,"HTTPSConnectionPool(host='www.currenttime.tv', port=443): Read timed out. (read timeout=20)",2023-05-26 16:04:37.622549
meduza,,,,,,,"HTTPSConnectionPool(host='meduza.io', port=443): Read timed out. (read timeout=20)",2023-05-26 16:04:37.622552
fontanka,200,30,30,30,30,30,,2023-05-26 16:04:37.622554
rbc,200,30,30,30,30,30,,2023-05-26 16:04:37.622556
thebell,,,,,,,"HTTPSConnectionPool(host='thebell.io', port=443): Read timed out. (read timeout=20)",2023-05-26 16:04:37.622559
novyagazeta,,,,,,,"HTTPSConnectionPool(host='novayagazeta.eu', port=443): Read timed out. (read timeout=20)",2023-05-26 16:04:37.622561
ria,200,100,0,100,100,100,,2023-05-26 18:04:59.164913
tass,200,99,94,99,99,99,,2023-05-26 18:04:59.164922
rosbalt,200,100,100,100,100,100,,2023-05-26 18:04:59.164925
ura,200,170,170,170,170,0,,2023-05-26 18:04:59.164927
mail,200,20,20,20,20,20,,2023-05-26 18:04:59.164929
regnum,200,100,100,100,100,96,,2023-05-26 18:04:59.164932
izvestia,403,,,,,,,2023-05-26 18:04:59.164934
lenta,200,200,200,200,200,200,,2023-05-26 18:04:59.164936
kp,200,200,200,200,200,200,,2023-05-26 18:04:59.164938
tvrain,,,,,,,"HTTPSConnectionPool(host='tvrain.tv', port=443): Read timed out. (read timeout=20)",2023-05-26 18:04:59.164940
mediazona,,,,,,,"HTTPSConnectionPool(host='zona.media', port=443): Read timed out. (read timeout=20)",2023-05-26 18:04:59.164942
interfax,200,25,25,25,25,25,,2023-05-26 18:04:59.164944
vedomosti,200,200,200,200,200,190,,2023-05-26 18:04:59.164947
aif,200,299,299,299,299,299,,2023-05-26 18:04:59.164949
rg,200,100,100,100,100,0,,2023-05-26 18:04:59.164951
argumenti,200,30,30,30,30,30,,2023-05-26 18:04:59.164953
pravda,200,20,20,20,20,20,,2023-05-26 18:04:59.164955
svoboda,,,,,,,"HTTPSConnectionPool(host='www.svoboda.org', port=443): Read timed out. (read timeout=20)",2023-05-26 18:04:59.164957
currenttime,,,,,,,"HTTPSConnectionPool(host='www.currenttime.tv', port=443): Read timed out. (read timeout=20)",2023-05-26 18:04:59.164960
meduza,,,,,,,"HTTPSConnectionPool(host='meduza.io', port=443): Read timed out. (read timeout=20)",2023-05-26 18:04:59.164962
fontanka,200,30,30,30,30,30,,2023-05-26 18:04:59.164964
rbc,200,30,30,30,30,30,,2023-05-26 18:04:59.164966
thebell,,,,,,,"HTTPSConnectionPool(host='thebell.io', port=443): Read timed out. (read timeout=20)",2023-05-26 18:04:59.164968
novyagazeta,,,,,,,"HTTPSConnectionPool(host='novayagazeta.eu', port=443): Read timed out. (read timeout=20)",2023-05-26 18:04:59.164970
ria,200,100,0,100,100,100,,2023-05-26 20:02:02.999455
tass,200,100,91,100,100,100,,2023-05-26 20:02:02.999459
rosbalt,200,100,100,100,100,100,,2023-05-26 20:02:02.999462
ura,200,170,170,170,170,0,,2023-05-26 20:02:02.999465
mail,200,20,20,20,20,20,,2023-05-26 20:02:02.999468
regnum,200,100,100,100,100,96,,2023-05-26 20:02:02.999472
izvestia,403,,,,,,,2023-05-26 20:02:02.999474
lenta,200,200,200,200,200,200,,2023-05-26 20:02:02.999477
kp,200,200,200,200,200,200,,2023-05-26 20:02:02.999480
interfax,200,25,25,25,25,25,,2023-05-26 20:02:02.999483
vedomosti,200,200,200,200,200,190,,2023-05-26 20:02:02.999486
aif,,,,,,,"HTTPSConnectionPool(host='aif.ru', port=443): Read timed out. (read timeout=20)",2023-05-26 20:02:02.999489
rg,200,100,100,100,100,0,,2023-05-26 20:02:02.999491
argumenti,200,30,30,30,30,30,,2023-05-26 20:02:02.999494
pravda,200,20,20,20,20,20,,2023-05-26 20:02:02.999497
fontanka,200,30,30,30,30,30,,2023-05-26 20:02:02.999500
rbc,200,30,30,30,30,30,,2023-05-26 20:02:02.999502
aif,200,301,301,301,301,301,,2023-05-26 20:12:25.500539
ria,200,100,0,100,100,100,,2023-05-26 22:01:53.893856
tass,200,100,96,100,100,100,,2023-05-26 22:01:53.893860
rosbalt,200,100,100,100,100,100,,2023-05-26 22:01:53.893863
ura,200,170,170,170,170,0,,2023-05-26 22:01:53.893866
mail,200,20,20,20,20,20,,2023-05-26 22:01:53.893868
regnum,200,100,100,100,100,96,,2023-05-26 22:01:53.893871
izvestia,403,,,,,,,2023-05-26 22:01:53.893873
lenta,200,200,200,200,200,200,,2023-05-26 22:01:53.893876
kp,200,200,200,200,200,200,,2023-05-26 22:01:53.893878
interfax,200,25,25,25,25,25,,2023-05-26 22:01:53.893881
vedomosti,200,200,200,200,200,190,,2023-05-26 22:01:53.893883
aif,200,303,303,303,303,303,,2023-05-26 22:01:53.893885
rg,200,100,100,100,100,0,,2023-05-26 22:01:53.893888
argumenti,200,30,30,30,30,30,,2023-05-26 22:01:53.893890
pravda,200,20,20,20,20,20,,2023-05-26 22:01:53.893892
fontanka,200,30,30,30,30,30,,2023-05-26 22:01:53.893895
rbc,200,30,30,30,30,30,,2023-05-26 22:01:53.893897
